Sam Smith;sam_smith1
Jason Cao;jasoncao-dev
Jessica Baker;jessbk23
Catherine William;kate_will21
Ron Tishma;ron-tishma-iii
Trung Cao;trungcao
Test 1;test01
Trung Cao;trungcao
Rob;robrob
